dariobla,C2_SimpleBashUtils,2022-12-07
badaluda,C2_SimpleBashUtils,2022-12-28
priluruv,C3_s21_string+,2023-01-02
ingrikus,C3_s21_string+,2023-01-03
priluruv,DO1_Linux,2023-01-07
dariobla,C3_s21_string+,2023-01-12
badaluda,DO1_Linux,2023-01-12
ingrikus,DO1_Linux,2023-01-12
kaprahut,DO2_Linux Network,2023-02-04
badaluda,DO2_Linux Network,2023-02-12
kaprahut,C6_s21_matrix,2023-02-15
dariobla,C4_s21_math,2023-02-18
priluruv,DO2_Linux Network,2023-02-21
ingrikus,DO2_Linux Network,2023-02-21
badaluda,DO3_LinuxMonitoring v1.0,2023-02-21
priluruv,DO3_LinuxMonitoring v1.0,2023-02-25
dariobla,C5_s21_decimal,2023-03-02
priluruv,DO4_LinuxMonitoring v2.0,2023-03-07
badaluda,DO4_LinuxMonitoring v2.0,2023-03-07
ingrikus,C4_s21_math,2023-03-07
kaprahut,C7_SmartCalc_v1.0,2023-04-01
dariobla,C6_s21_matrix,2023-04-03
priluruv,DO5_SimpleDocker,2023-04-10
priluruv,DO6_CICD,2023-04-15
dariobla,C7_SmartCalc_v1.0,2023-05-06
dariobla,C8_3DViewer_v1.0,2023-06-01